1,Jackie Brown,1997,https://boxd.it/2aVO,
2,Kill Bill: Vol. 1,2003,https://boxd.it/70w,
3,Kill Bill: Vol. 2,2004,https://boxd.it/2au4,
4,The Two Popes,2019,https://boxd.it/k8Xk,
5,Death Proof,2007,https://boxd.it/27GG,
6,1917,2019,https://boxd.it/jj4y,
7,Inglourious Basterds,2009,https://boxd.it/1JzG,
8,Raiders of the Lost Ark,1981,https://boxd.it/2bbs,
9,Hell or High Water,2016,https://boxd.it/bfGM,
10,Snowpiercer,2013,https://boxd.it/3Icg,
11,The Departed,2006,https://boxd.it/28MA,
12,American Psycho,2000,https://boxd.it/28Vs,
13,Catch Me If You Can,2002,https://boxd.it/29VS,
14,The Lobster,2015,https://boxd.it/7tnw,
15,Parasite,2019,https://boxd.it/hTha,
16,Ferris Bueller's Day Off,1986,https://boxd.it/1YPY,
17,Life of Brian,1979,https://boxd.it/2a4q,
18,Blade Runner,1982,https://boxd.it/2bcA,
19,The Irishman,2019,https://boxd.it/dYOq,
20,Django Unchained,2012,https://boxd.it/2cCk,
21,Gladiator,2000,https://boxd.it/2b9m,
22,Dallas Buyers Club,2013,https://boxd.it/4O8G,
23,American Beauty,1999,https://boxd.it/71Y,
24,To All the Boys I've Loved Before,2018,https://boxd.it/gHec,
25,Her,2013,https://boxd.it/4O24,
26,The Notebook,2004,https://boxd.it/1UNE,
27,To All the Boys: P.S. I Still Love You,2020,https://boxd.it/kJny,
28,Ford v Ferrari,2019,https://boxd.it/ce74,
29,Miracle,2004,https://boxd.it/1OmM,
30,American Factory,2019,https://boxd.it/kJuY,
31,The Favourite,2018,https://boxd.it/d2hI,
32,The Hateful Eight,2015,https://boxd.it/8gw8,
33,Hereditary,2018,https://boxd.it/hNVe,
34,Midsommar,2019,https://boxd.it/jhxe,
35,The Lego Movie 2: The Second Part,2019,https://boxd.it/8BAU,
36,Dolemite Is My Name,2019,https://boxd.it/je6E,
37,The Godfather,1972,https://boxd.it/2aNK,
38,How to Train Your Dragon: The Hidden World,2019,https://boxd.it/5a9w,
39,6 Underground,2019,https://boxd.it/irU6,
40,The King,2019,https://boxd.it/ieZs,
41,Black Swan,2010,https://boxd.it/Sw0,
42,Jojo Rabbit,2019,https://boxd.it/iEBG,
43,Men in Black,1997,https://boxd.it/2a0I,
44,Zodiac,2007,https://boxd.it/27MO,
45,Locke,2013,https://boxd.it/6hHC,
46,United 93,2006,https://boxd.it/1XHY,
47,The Killing Fields,1984,https://boxd.it/29Yi,
48,Coraline,2009,https://boxd.it/1NhQ,
49,Paranormal Activity,2007,https://boxd.it/1yIM,
50,The Shawshank Redemption,1994,https://boxd.it/2aHi,
51,Corpse Bride,2005,https://boxd.it/24WQ,
52,DodgeBall: A True Underdog Story,2004,https://boxd.it/1YAY,
53,Free Solo,2018,https://boxd.it/iEEq,
54,The Interview,2014,https://boxd.it/6KQ4,
55,Taxi Driver,1976,https://boxd.it/2b8y,
56,Arrival,2016,https://boxd.it/aNGk,
57,Teen Titans Go! vs. Teen Titans,2019,https://boxd.it/kndQ,
58,Who Framed Roger Rabbit,1988,https://boxd.it/29ry,
59,Icarus,2017,https://boxd.it/fmje,
60,The Edge of Democracy,2019,https://boxd.it/kLiA,
61,Unbreakable,2000,https://boxd.it/1XV2,
62,A Beautiful Day in the Neighborhood,2019,https://boxd.it/i7vA,
63,John Wick,2014,https://boxd.it/7dEc,
64,John Wick: Chapter 2,2017,https://boxd.it/ayGu,
65,John Wick: Chapter 3 - Parabellum,2019,https://boxd.it/gmFw,
66,Fight Club,1999,https://boxd.it/2a9q,
67,Bāhubali: The Beginning,2015,https://boxd.it/7y2y,
68,Bāhubali 2: The Conclusion,2017,https://boxd.it/bMfO,
69,Y Tu Mamá También,2001,https://boxd.it/28QM,
70,Fargo,1996,https://boxd.it/2aHM,
71,Train to Busan,2016,https://boxd.it/dSQU,
72,RoboCop,1987,https://boxd.it/22Wu,
73,Burning,2018,https://boxd.it/hHUa,
74,Zombieland,2009,https://boxd.it/1En6,
75,Seoul Station,2016,https://boxd.it/dBYs,
76,Overlord,2018,https://boxd.it/fAwm,
77,RoboCop 2,1990,https://boxd.it/22Wk,
78,When Harry Met Sally...,1989,https://boxd.it/29W2,
79,Miss Americana,2020,https://boxd.it/oifq,
80,Honeyland,2019,https://boxd.it/kL8K,
81,No Country for Old Men,2007,https://boxd.it/21ew,
82,Raging Bull,1980,https://boxd.it/28yI,
83,GoodFellas,1990,https://boxd.it/29FA,
84,Memento,2000,https://boxd.it/2bcK,
85,Split,2016,https://boxd.it/dgSy,
86,RoboCop 3,1993,https://boxd.it/22Wa,
87,Interstellar,2014,https://boxd.it/4VZ8,
88,Mission: Impossible,1996,https://boxd.it/29d2,
89,Zombieland: Double Tap,2019,https://boxd.it/bgb6,
90,Being John Malkovich,1999,https://boxd.it/2ahu,
91,Little Miss Sunshine,2006,https://boxd.it/29EW,
92,Jane Eyre,2011,https://boxd.it/15rs,
93,Once Upon a Time… in Hollywood,2019,https://boxd.it/gH0O,
94,Adventureland,2009,https://boxd.it/1JTQ,
95,Forrest Gump,1994,https://boxd.it/728,
96,Onward,2020,https://boxd.it/io92,
97,21 Jump Street,2012,https://boxd.it/J0,
98,Lost in Translation,2003,https://boxd.it/2b0E,
99,Brokeback Mountain,2005,https://boxd.it/2b2q,
100,Children of Men,2006,https://boxd.it/1Y2i,
101,The Girl with the Dragon Tattoo,2011,https://boxd.it/2Pa,
102,Shaun of the Dead,2004,https://boxd.it/29J8,
103,Brüno,2009,https://boxd.it/1GSA,
104,The Godfather: Part II,1974,https://boxd.it/2aNq,
105,The Talented Mr. Ripley,1999,https://boxd.it/2924,
106,Harold & Kumar Go to White Castle,2004,https://boxd.it/1Ueu,
107,Crash,2004,https://boxd.it/28q0,
108,Rosemary's Baby,1968,https://boxd.it/29zM,
109,Paranormal Activity 2,2010,https://boxd.it/ZnO,
110,Driving Miss Daisy,1989,https://boxd.it/2asC,
111,First Blood,1982,https://boxd.it/28U0,
112,Rambo: First Blood Part II,1985,https://boxd.it/28TQ,
113,Rambo III,1988,https://boxd.it/28TG,
114,Bruce Almighty,2003,https://boxd.it/2aCC,
115,Mary Queen of Scots,2018,https://boxd.it/gkaG,
116,Galveston,2018,https://boxd.it/8Lqq,
117,The Witch,2015,https://boxd.it/9X0m,
118,The Lighthouse,2019,https://boxd.it/icFU,
119,The Perks of Being a Wallflower,2012,https://boxd.it/2ZA8,
120,The Killing of a Sacred Deer,2017,https://boxd.it/dZ5G,
121,Spy Kids,2001,https://boxd.it/1Xcw,
122,Space Jam,1996,https://boxd.it/26YO,
123,Tinker Tailor Soldier Spy,2011,https://boxd.it/FRY,
124,Mission: Impossible II,2000,https://boxd.it/29cS,
125,Okja,2017,https://boxd.it/dvXe,
126,Team America: World Police,2004,https://boxd.it/24QS,
127,Paranormal Activity 3,2011,https://boxd.it/2o4O,
128,The Day After Tomorrow,2004,https://boxd.it/2aog,
129,The Station Agent,2003,https://boxd.it/27xu,
130,Stuber,2019,https://boxd.it/izHE,
131,Slumdog Millionaire,2008,https://boxd.it/1S3E,
132,The Dirty Dozen,1967,https://boxd.it/28nK,
133,The Town,2010,https://boxd.it/1zyS,
134,The Death of Stalin,2017,https://boxd.it/ea9Y,
135,Limitless,2011,https://boxd.it/Aly,
136,The Platform,2019,https://boxd.it/mUm6,
137,The Half of It,2020,https://boxd.it/m0T4,
138,There Will Be Blood,2007,https://boxd.it/20Z2,
139,Senna,2010,https://boxd.it/kfE,
140,Road to Perdition,2002,https://boxd.it/24Lo,
141,Happy Death Day,2017,https://boxd.it/fDz4,
142,Happy Death Day 2U,2019,https://boxd.it/ixt6,
143,Becoming,2020,https://boxd.it/q8t2,
144,Mission: Impossible III,2006,https://boxd.it/29cI,
145,Napoleon Dynamite,2004,https://boxd.it/20wu,
146,Pain and Glory,2019,https://boxd.it/iOBQ,
147,Gone Baby Gone,2007,https://boxd.it/23R6,
148,The Queen,2006,https://boxd.it/292e,
149,Hot Fuzz,2007,https://boxd.it/2416,
150,Moneyball,2011,https://boxd.it/glS,
151,Precious,2009,https://boxd.it/1v6K,
152,BlacKkKlansman,2018,https://boxd.it/hxL8,
153,Ex Machina,2014,https://boxd.it/7T2k,
154,The Fighter,2010,https://boxd.it/PP4,
155,Indiana Jones and the Temple of Doom,1984,https://boxd.it/2bb8,
156,Mission: Impossible - Ghost Protocol,2011,https://boxd.it/psI,
157,Groundhog Day,1993,https://boxd.it/2b3e,
158,The Lovebirds,2020,https://boxd.it/labE,
159,High School Musical,2006,https://boxd.it/1V0y,
160,High School Musical 2,2007,https://boxd.it/1PIu,
161,High School Musical 3: Senior Year,2008,https://boxd.it/1SR0,
162,Rise of the Planet of the Apes,2011,https://boxd.it/cS4,
163,Drive,2011,https://boxd.it/IG,
164,Outbreak,1995,https://boxd.it/21io,
165,Contagion,2011,https://boxd.it/13rq,
166,Nausicaä of the Valley of the Wind,1984,https://boxd.it/2bc6,
167,Pretty in Pink,1986,https://boxd.it/1TEw,
168,Batman,1989,https://boxd.it/2aIU,
169,Battleship Potemkin,1925,https://boxd.it/29Vo,
170,Castle in the Sky,1986,https://boxd.it/1W4G,
171,Shutter Island,2010,https://boxd.it/1U82,
172,Grave of the Fireflies,1988,https://boxd.it/1RUM,
173,Batman Returns,1992,https://boxd.it/2awa,
174,Eraserhead,1977,https://boxd.it/299u,
175,Heathers,1988,https://boxd.it/26x4,
176,Ad Astra,2019,https://boxd.it/ePzI,
177,Uncut Gems,2019,https://boxd.it/gXGc,
178,"Extremely Wicked, Shockingly Evil and Vile",2019,https://boxd.it/glCG,
179,My Neighbor Totoro,1988,https://boxd.it/20eA,
180,Eternal Sunshine of the Spotless Mind,2004,https://boxd.it/6YK,
181,Cape Fear,1991,https://boxd.it/28vu,
182,Portrait of a Lady on Fire,2019,https://boxd.it/jkPq,
183,Blood Simple,1984,https://boxd.it/1U16,
184,In Bruges,2008,https://boxd.it/20n8,
185,Batman Forever,1995,https://boxd.it/2ara,
186,Booksmart,2019,https://boxd.it/igNS,
187,Kiki's Delivery Service,1989,https://boxd.it/1JAY,
188,Athlete A,2020,https://boxd.it/pxY8,
189,Cloverfield,2008,https://boxd.it/2192,
190,Scoob!,2020,https://boxd.it/dqh8,
191,Braveheart,1995,https://boxd.it/2aTI,
192,Titanic,1997,https://boxd.it/2a2k,
193,Just Mercy,2019,https://boxd.it/iXj2,
194,Batman & Robin,1997,https://boxd.it/2ar0,
195,Bad Education,2019,https://boxd.it/jiME,
196,Welcome to Chechnya,2020,https://boxd.it/oih2,
197,Three Colors: Blue,1993,https://boxd.it/2b7K,
198,Hamilton,2020,https://boxd.it/kmvE,
199,Crip Camp: A Disability Revolution,2020,https://boxd.it/oiOg,
200,The Social Network,2010,https://boxd.it/17ue,
201,La La Land,2016,https://boxd.it/a5fa,
202,Airplane!,1980,https://boxd.it/29yu,
203,Mean Girls,2004,https://boxd.it/1VNg,
204,Palm Springs,2020,https://boxd.it/lCXQ,
205,Batman: Mask of the Phantasm,1993,https://boxd.it/1N6S,
206,Only Yesterday,1991,https://boxd.it/1MR4,
207,Three Colors: White,1994,https://boxd.it/2b7A,
208,Indiana Jones and the Last Crusade,1989,https://boxd.it/2baO,
209,Bridesmaids,2011,https://boxd.it/rac,
210,Crimson Peak,2015,https://boxd.it/62Ty,
211,The Philadelphia Story,1940,https://boxd.it/29a8,
212,Fear and Desire,1953,https://boxd.it/1WVq,
213,Insomnia,2002,https://boxd.it/2aB0,
214,Requiem for a Dream,2000,https://boxd.it/29VI,
215,Porco Rosso,1992,https://boxd.it/1Tp2,
216,Wild Strawberries,1957,https://boxd.it/29ZU,
217,Enter the Dragon,1973,https://boxd.it/1YCA,
218,Alien,1979,https://boxd.it/2awY,
219,Hairspray,1988,https://boxd.it/1UKK,
220,Hairspray,2007,https://boxd.it/261M,
221,The Graduate,1967,https://boxd.it/18Im,
222,A Fish Called Wanda,1988,https://boxd.it/29YC,
223,Boys Don't Cry,1999,https://boxd.it/2aPG,
224,Blindspotting,2018,https://boxd.it/hDMw,
225,The Pianist,2002,https://boxd.it/2aqc,
226,What We Do in the Shadows,2014,https://boxd.it/7eQy,
227,His Girl Friday,1940,https://boxd.it/25M8,
228,The Birds,1963,https://boxd.it/2a6m,
229,Horrible Bosses,2011,https://boxd.it/Ba2,
230,Bringing Up Baby,1938,https://boxd.it/29ks,
231,Mother,2009,https://boxd.it/1m9g,
232,Woman of the Year,1942,https://boxd.it/1D8Y,
233,Dumb and Dumber,1994,https://boxd.it/206m,
234,Raising Arizona,1987,https://boxd.it/2avQ,
235,Idiocracy,2006,https://boxd.it/20RW,
236,Ocean Waves,1993,https://boxd.it/1CtQ,
237,Mad Max,1979,https://boxd.it/1Y7i,
238,American Graffiti,1973,https://boxd.it/29us,
239,Good Will Hunting,1997,https://boxd.it/2ahY,
240,Full Metal Jacket,1987,https://boxd.it/2a1Q,
241,Les Misérables,2019,https://boxd.it/lAPA,
242,An American Pickle,2020,https://boxd.it/niWi,
243,An Easy Girl,2019,https://boxd.it/l8fk,
244,Clueless,1995,https://boxd.it/1Ygk,
245,Sonic the Hedgehog,2020,https://boxd.it/gdK8,
246,Trolls World Tour,2020,https://boxd.it/fUCu,
247,The Invisible Man,2020,https://boxd.it/kWlA,
248,The One and Only Ivan,2020,https://boxd.it/iose,
249,The Hunt,2020,https://boxd.it/iE9i,
250,Unforgiven,1992,https://boxd.it/6Z4,
251,Misery,1990,https://boxd.it/28gY,
252,Adam's Rib,1949,https://boxd.it/1vQy,
253,Extraction,2020,https://boxd.it/jUjA,
254,(500) Days of Summer,2009,https://boxd.it/1EmM,
255,Phineas and Ferb the Movie: Candace Against the Universe,2020,https://boxd.it/lTrs,
256,Little Women,2019,https://boxd.it/aSVk,
257,Into the Wild,2007,https://boxd.it/22m2,
258,Tenet,2020,https://boxd.it/leq4,
259,The King of Staten Island,2020,https://boxd.it/litG,
260,Batman: The Killing Joke,2016,https://boxd.it/djxe,
261,Wedding Crashers,2005,https://boxd.it/1Yte,
262,I'm Thinking of Ending Things,2020,https://boxd.it/i4IQ,
263,Da 5 Bloods,2020,https://boxd.it/lnXw,
264,7 Days in Hell,2015,https://boxd.it/8VZ6,
265,Batman: Assault on Arkham,2014,https://boxd.it/787M,
266,The Way Back,2020,https://boxd.it/jfoO,
267,Nightcrawler,2014,https://boxd.it/780m,
268,Safety Not Guaranteed,2012,https://boxd.it/2Y3M,
269,Pom Poko,1994,https://boxd.it/1Mvi,
270,Unpregnant,2020,https://boxd.it/nrH2,
271,Dark Waters,2019,https://boxd.it/kaYu,
272,The Social Dilemma,2020,https://boxd.it/opQI,
273,Frost/Nixon,2008,https://boxd.it/1TI4,
274,Under the Skin,2013,https://boxd.it/3mDa,
275,The Devil All the Time,2020,https://boxd.it/i2tY,
276,Up in the Air,2009,https://boxd.it/1zPY,
277,RBG,2018,https://boxd.it/hLS8,
278,An Education,2009,https://boxd.it/1xcg,
279,The Wedding Singer,1998,https://boxd.it/1USO,
280,Alita: Battle Angel,2019,https://boxd.it/e0rS,
281,The Fugitive,1993,https://boxd.it/230G,
282,Enola Holmes,2020,https://boxd.it/hX2o,
283,From Dusk Till Dawn,1996,https://boxd.it/29HQ,
284,Million Dollar Baby,2004,https://boxd.it/2bdI,
285,Frances Ha,2012,https://boxd.it/41Xg,
286,Donnie Brasco,1997,https://boxd.it/1YRA,
287,The Exorcist,1973,https://boxd.it/1Yoo,
288,Grease,1978,https://boxd.it/29YW,
289,Superman Returns,2006,https://boxd.it/28J2,
290,Sherlock Holmes: A Game of Shadows,2011,https://boxd.it/k3S,
291,Spies in Disguise,2019,https://boxd.it/fjf4,
292,The Cabin in the Woods,2011,https://boxd.it/1zOc,
293,"Planes, Trains and Automobiles",1987,https://boxd.it/26zE,
294,The Terminator,1984,https://boxd.it/2aQY,
295,Yesterday,2019,https://boxd.it/iF7M,
296,Bad Words,2013,https://boxd.it/6g1A,
297,Amélie,2001,https://boxd.it/2aUc,
298,Good Boys,2019,https://boxd.it/iW1G,
299,Never Rarely Sometimes Always,2020,https://boxd.it/lWJk,
300,She Dies Tomorrow,2020,https://boxd.it/oIuG,
301,"Yes, God, Yes",2019,https://boxd.it/jaGS,
302,"Synecdoche, New York",2008,https://boxd.it/23zw,
303,Little Women,1933,https://boxd.it/12RC,
304,The Conjuring,2013,https://boxd.it/4sr2,
305,Harold & Kumar Escape from Guantanamo Bay,2008,https://boxd.it/1QoU,
306,American Murder: The Family Next Door,2020,https://boxd.it/rUk0,
307,Dick Johnson Is Dead,2020,https://boxd.it/oigy,
308,5 Centimeters per Second,2007,https://boxd.it/16G4,
309,The World's End,2013,https://boxd.it/3EiO,
310,Aquaman,2018,https://boxd.it/9ru0,
311,The Trial of the Chicago 7,2020,https://boxd.it/kn3w,
312,Anomalisa,2015,https://boxd.it/97TE,
313,Don't Breathe,2016,https://boxd.it/9yzw,
314,Borat: Cultural Learnings of America for Make Benefit Glorious Nation of Kazakhstan,2006,https://boxd.it/2agQ,
315,Borat Subsequent Moviefilm,2020,https://boxd.it/rNS0,
316,Hubie Halloween,2020,https://boxd.it/mQwm,
317,Little Shop of Horrors,1986,https://boxd.it/1Vqm,
318,It Comes at Night,2017,https://boxd.it/eLuk,
319,It,2017,https://boxd.it/bC8e,
320,It Follows,2014,https://boxd.it/87wo,
321,It Chapter Two,2019,https://boxd.it/h10u,
322,Scooby-Doo on Zombie Island,1998,https://boxd.it/1QIg,
323,The Thing,1982,https://boxd.it/294O,
324,The Thing,2011,https://boxd.it/eS6,
325,The Ides of March,2011,https://boxd.it/1WyG,
326,22 Jump Street,2014,https://boxd.it/5Fvy,
327,The Elephant Man,1980,https://boxd.it/27LQ,
328,Get Out,2017,https://boxd.it/eOCm,
329,First Cow,2019,https://boxd.it/krga,
330,Teenage Mutant Ninja Turtles,1990,https://boxd.it/28FY,
331,Sicario,2015,https://boxd.it/8i7u,
332,Se7en,1995,https://boxd.it/29zs,
333,Whisper of the Heart,1995,https://boxd.it/17uy,
334,The Kitchen,2019,https://boxd.it/hyp8,
335,High Fidelity,2000,https://boxd.it/2aMW,
336,Pi,1998,https://boxd.it/2ajq,
337,Call Me by Your Name,2017,https://boxd.it/dYmm,
338,Following,1998,https://boxd.it/1Tj4,
339,Blade Runner 2049,2017,https://boxd.it/b8wK,
340,The Broken Hearts Gallery,2020,https://boxd.it/mNja,
341,The New Mutants,2020,https://boxd.it/bjle,
342,Spontaneous,2020,https://boxd.it/mjPq,
343,Easy A,2010,https://boxd.it/17DK,
344,"Love, Simon",2018,https://boxd.it/g02s,
345,The Devil's Backbone,2001,https://boxd.it/28Li,
346,Hunt for the Wilderpeople,2016,https://boxd.it/cTgG,
347,Underwater,2020,https://boxd.it/fN4q,
348,Hotel for Dogs,2009,https://boxd.it/1MEa,
349,Looper,2012,https://boxd.it/ham,
350,Premium Rush,2012,https://boxd.it/FQw,
351,Bill & Ted's Excellent Adventure,1989,https://boxd.it/28oI,
352,Leave No Trace,2018,https://boxd.it/fMfM,
353,Office Space,1999,https://boxd.it/28Em,
354,Chinatown,1974,https://boxd.it/29vU,
355,The French Connection,1971,https://boxd.it/296g,
356,Panic Room,2002,https://boxd.it/2490,
357,The Fly,1986,https://boxd.it/1YIe,
358,Four Weddings and a Funeral,1994,https://boxd.it/29KA,
359,Traffic,2000,https://boxd.it/27Ue,
360,Dirty Harry,1971,https://boxd.it/299E,
361,Klaus,2019,https://boxd.it/ipoi,
362,The Christmas Chronicles,2018,https://boxd.it/ja7e,
363,Sound of Metal,2019,https://boxd.it/i7Q4,
364,Mank,2020,https://boxd.it/mIuC,
365,Happiest Season,2020,https://boxd.it/iS3I,
366,Me and Earl and the Dying Girl,2015,https://boxd.it/9SAE,
367,Risky Business,1983,https://boxd.it/1YUE,
368,The Christmas Chronicles: Part Two,2020,https://boxd.it/ojzm,
369,Let Them All Talk,2020,https://boxd.it/n6sq,
370,Wolfwalkers,2020,https://boxd.it/fGrC,
371,Your Name.,2016,https://boxd.it/cUqs,
372,Ava,2020,https://boxd.it/jFH8,
373,Bonnie and Clyde,1967,https://boxd.it/2ajg,
374,The Highwaymen,2019,https://boxd.it/i4ie,
375,Holidate,2020,https://boxd.it/mLcc,
376,Before I Fall,2017,https://boxd.it/dW0I,
377,Buddy Games,2019,https://boxd.it/gXrw,
378,A Scanner Darkly,2006,https://boxd.it/25jK,
379,Peninsula,2020,https://boxd.it/lnrU,
380,Last Christmas,2019,https://boxd.it/k38G,
381,Fatman,2020,https://boxd.it/mdqY,
382,Songs My Brothers Taught Me,2015,https://boxd.it/9Thy,
383,The Rider,2017,https://boxd.it/gazw,
384,Mangrove,2020,https://boxd.it/qEAa,
385,Lovers Rock,2020,https://boxd.it/qEAk,
386,"Red, White and Blue",2020,https://boxd.it/siQE,
387,Alex Wheatle,2020,https://boxd.it/sff6,
388,Education,2020,https://boxd.it/sTpK,
389,White Christmas,1954,https://boxd.it/1Qky,
390,Die Hard,1988,https://boxd.it/2a7u,
391,Die Hard 2,1990,https://boxd.it/28zw,
392,Die Hard: With a Vengeance,1995,https://boxd.it/28zG,
393,Live Free or Die Hard,2007,https://boxd.it/28zQ,
394,A Good Day to Die Hard,2013,https://boxd.it/JrK,
395,Wonder Woman 1984,2020,https://boxd.it/gBtA,
396,Soul,2020,https://boxd.it/ioLA,
397,The Midnight Sky,2020,https://boxd.it/mK6C,
398,Mulan,1998,https://boxd.it/1VFw,
399,Mulan,2020,https://boxd.it/bbK6,
400,Tokyo Story,1953,https://boxd.it/1HuY,
401,Cool Hand Luke,1967,https://boxd.it/29jY,
402,On the Rocks,2020,https://boxd.it/l8aY,
